text,label,notes
Usually they do this on the beach when a kid is lost. They will call anyone attention hoping the parents will be close.,Bold Opinion / Hot Take,Default classification
Wow yeah this goes much deeper than I thought! Thank you for sharing I'm glad I understand better what went on now. Maybe this WC becomes a blessing and a trigger to make meaningful changes and a good clean up. I've been cheering for SK since Ji-Sung Park and Im sure they have a lot more potential than what we've seen this year.,Evidence-Based Take,Relabeled from Evidence-Based Take: Factual explanation of why people react a certain way at matches
I'm so angry he ruined the moment but glad everyone on the broadcast knew better to ensure he STFU,Emotional Reaction,
"I mean, not using the Canada and Mexico mascots was weird.",Bold Opinion / Hot Take,Default classification
Lewa gets to be managed by the great Gregg Berhalter,Bold Opinion / Hot Take,Default classification
By 2038 Infantino is going to have 64 teams playing the WC.,Bold Opinion / Hot Take,Default classification
Not a good idea. Why knockout a team when it has earned its right to qualify just because a draw somehow suits it?,Evidence-Based Take,
Fuck yes! That’s so damn cool! I know that the tournament expanded because 48 more games means more money for sponsors and FIFA but how can you not love stories like this?,Evidence-Based Take,
i love cherki and haaland sm honestly. city fans better give them love,Emotional Reaction,Relabeled from Emotional Reaction: Emotional celebration rather than structured reasoning
"he played better because Norway took the foot of the gas doe, Deschamps so far has been decent enough to set the tactics around his shortcomings.",Evidence-Based Take,
I hate how the Fr*nch national team is changing my perception of the Fr*nch people.,Emotional Reaction,
"Nuno Mendes was the reason they won it, shut down Yamal and scored",Evidence-Based Take,
No I didn't. Knew someone was gonna mention him too because of my flair. Do you really find it reasonable that a person who is against rape would support a rapist on their team?,Evidence-Based Take,
I say this with the utmost respect - Thank God I won't have to think about Ochoa in the Gold Cup anymore. Tip the cap to a legend.,Bold Opinion / Hot Take,Default classification
"That pretty much means the end of Lewandowski’s career with the Polish national team, because I doubt he’ll feel like flying 4,600 miles for every match",Evidence-Based Take,
Isn't this basically a variant of how even pl gets described by many people when comparing to say italian football. Are those people also propogating eurocentric racism vs England? Bunch of 14 year old yanks getting their panties twisted because a translation of a German phrase isn't exact and it projects what they feel.,Evidence-Based Take,
He's not even offside when the ball comes to him. I hate the modern game.,Emotional Reaction,
Time to replace the rooster in the kit with a big fat kitty,Bold Opinion / Hot Take,Default classification
I never said otherwise. The actual context of my comment was replying to “the media turned against their greatest ever player”.,Bold Opinion / Hot Take,Strong claim with thin supporting evidence
"Gotta feel even worse for them tho, cuz just like with most shitty people they turn out shitty because of the way the people they grew up around were",Evidence-Based Take,
"A serious diagnosis can't separate Martinez from Ronaldo. The Portuguese FA hired a mediocre yes-man because better managers with actual ambition wouldn't be happy playing a 41-year-old every minute of the competition to the point where he's barely mobile. Every Martinez press conference is him pointing at the sky and telling us it's red, that famous Paul Merson rant had him perfectly figured out, he's a genius spin doctor masquerading as a football coach.",Evidence-Based Take,
Imagine Vozinha shuts out Argentina He will be more loved in Brazil than any Brazilian,Bold Opinion / Hot Take,Default classification
"I didn't know it was possible for a national team to get mass hate, but alas. They deserved it, sadly.",Bold Opinion / Hot Take,Default classification
"Lmao, nice fanfic. It's just something everyone talks about, according to French media the rest of the squad asked him to do more, even his brother in a joke interview asked him to do it. It has nothing to do with Mourinho",Bold Opinion / Hot Take,Default classification
"I’m flying there soon, the scenes would be crazy tbh",Bold Opinion / Hot Take,Default classification
"If Argentina wins the WC and he is MVP, then most likely yes.",Bold Opinion / Hot Take,Default classification
Roberto Carlos fixing his socks while Thierry Henry committed the crime,Bold Opinion / Hot Take,Default classification
"I don't know, I feel like Messi would have cured Rodrygo right there and then. Poor show from Ronaldo really.",Emotional Reaction,
"Not really. I think we were just impressed with the performance of a small team in their first World Cup. Well, there's also some cultural and historical aspects to it (e.g. both countries were colonized by Europeans, our general dislike of European teams, a tendency to root for underdogs)",Bold Opinion / Hot Take,Relabeled from Bold Opinion / Hot Take: Evaluative claim about Messi/Ronaldo with no evidence
"Totally fair! And thanks! I wasn't trying to defend Terry here. I haven't followed much about what he has tweeted or stuff he has said publicly, since the last few years",Evidence-Based Take,
"My theory is that Algeria were seeking revenge on Austria for the Disgrace of Gijón. They tapped it about to form an unspoken agreement with Austria, lulling them into a false sense of security and therefore not pressing, only to then catch them out as late as possible to send them out and exact their revenge. However, then Austria scored, which Algeria weren't expecting, so they played it off that they were happy with the result. Either that or they just didn't want to face Spain",Evidence-Based Take,
"I mean they made it to 4 other finals, that's pretty dominant. It was disappointing because they lost them but to make it is still something.",Evidence-Based Take,
The Ecuador match already blow this bs out I dont know why people (and the super computer) keep parroting that Korea have more than 60% to advance,Bold Opinion / Hot Take,Default classification
Trippy to be doing some morning scrolling from here in the 전주한옥마을 after having walked through the 경기전 site yesterday to find this commentary in r/soccer,Bold Opinion / Hot Take,Default classification
"Legendary. I don't even care how far they'll go, they made it out of the groups in their first World Cup. This is why I love this fucking tournament.",Emotional Reaction,
Acting like France didn't get 2 pens in that game...,Bold Opinion / Hot Take,Default classification
There is no single South American style of football. Are you a casual? Suriname doesn’t play like Uruguay. Similar to how DR Congo doesn’t play like Nigeria.,Bold Opinion / Hot Take,Default classification
"Have to say, Norway has already won the PR cup in my eyes. Whoever co-ordinates this shit needs a fat raise, unbelievable scenes",Emotional Reaction,
You all should tune in to the Korean drama post WC failure. It's more entertaining than the 2 matches against SA and Mexico,Bold Opinion / Hot Take,Default classification
Fucking hell add Joey Barton into the mix to complete this line up of pricks,Bold Opinion / Hot Take,Default classification
I feel like Curacao and probably a few others should be celebratory anyways. Or at least smile a bit.,Emotional Reaction,
Wasn’t he already disliked as a coach because of 2014? I’m surprised he even came back.,Evidence-Based Take,
"At the highest levels of sport, you must have unwavering confidence in yourself and your team. I don't think it's a likely outcome, but of course they have to believe it within and focus on what they can control.  Unlikely things happen all the time in sports.",Evidence-Based Take,
"You still hear this all the time in France that a black player is “powerful” (puissant). Moussa Sissoko was the king of the “puissant” players. It’s annoying because it’s not even used to describe power but speed, why not just say X player is fast? Really irks me every time.",Evidence-Based Take,
Here before the people get complacent again and vote for another austerity right-winger complaining about immigrants and undo years of progress and growth made by centre-left/left administration.,Bold Opinion / Hot Take,Casual football observation without structured reasoning
He had a pretty bad tendinosis around 2014. Probably the reason why he became more of a striker and stopped making runs on the wing,Evidence-Based Take,
"Oh glad you ask! Because the World Cup is rotating between continents and FIFA would like Saudi Arabia to host the 2034 WC (money) but we already had one close by with the 2022 WC in Qatar. The solution? Host it in every continent that would have a reasonable claim to host the WC in 2030. Europe (Spain + Portugal), Africa (Marocco) and South America (Uruguay, Paraguay, Argentina). Now you can only host it in Asia and Oceania and because the Sheikh send everyone voting a big fat  bag of money it goes to Saudi Arabia. Fucking love me some capitalism",Evidence-Based Take,
I only took one credit card to the stadium because I didn't want to bring my entire wallet. It fell out of my pocket when I took out my phone but luckily an Egypt fan saw it and told me.,Evidence-Based Take,
And this dreadfull euro 2008. Dear oh dear I am so glad this time is long gone.... thank you Deschamps!,Emotional Reaction,
You clearly didn't because you mentioned CR7 too and they don't belong to the same sentence. Anyone who watched R9 play knows that. And I clearly said that pre-injury R9 was the best of all time. The 1g+a/game R9. The 90s one. You didn't watch him playing for Barcelona or Inter.,Evidence-Based Take,
"“Could have achieved incredible things” I mean…most of his goals were scored after that, he may have scored fewer if the injury had never happened and he never played striker. We’re talking about one of the all time greats here",Emotional Reaction,Mild emotional response
I hate how the focus of the world cup had shifted towards the big stars and their personal goals/achievements instead of the teams. It tells me that the group stage is going on for too long.,Evidence-Based Take,Relabeled from Emotional Reaction: Counterargument using factual reasoning about goal scoring
I feel like you have to have some level of arrogance and ego to succeed in such a high level game. Not saying players should be pricks. But irrational self confidence is a must when you're in a room where everyone is making millions per year,Emotional Reaction,Mild emotional response
This is why I love the Real Canadian Superstore ad for this WC Goose Chase / Real Canadian Superstore Ad,Bold Opinion / Hot Take,Relabeled from Emotional Reaction: Opinion about World Cup focus and group stage length
"the pass alone was incredible, but then the finish!!! the hunger!!! still!!",Bold Opinion / Hot Take,Relabeled from Emotional Reaction: Claim about arrogance/ego needed to succeed
"How is he more qualified than anyone to be an interim and is offended that they didn't pick him, but absolutely does think he deserves the head coach job? McFarlane was actually part of the coaching staff.",Bold Opinion / Hot Take,Default classification
"Dont think Its gonna be that easy. Vozinha has been having all the credit for some reason, but in reality, the fact is that they are defensively very solid and thrive on counterattack with fast players.",Evidence-Based Take,
"And arguably most importantly from a US context, the Miracle on Ice was extremely unlikely, and our most popular league has a draft and salary cap to ensure parity, plus it plays just a 17 game season, and its founding mythos is that ""on any given Sunday"" any team in the league could beat any other team. Arguably our second most popular sporting event is the NCAA tournament, a 6 round, single elimination bracket designed to produce high-variance outcomes, with a major focus of media attention being on the ""cinderella"" teams that pull off multiple upsets. One of the most founding principles of American sports fandom (and arguably american culture as a whole) is that the underdogs ALWAYS have a shot. I'd expect that any team in the top ~15-20 has some level of belief that they can win the World Cup, you have to have that belief to get to that level, but I'm not at all surprised that the US team believes it's possible.",Evidence-Based Take,
Had no idea the fennec fox was the national animal of Algeria.,Bold Opinion / Hot Take,Default classification
I’m so happy to be in a time where I get to see Messi play. Fucking wow man,Emotional Reaction,
At this point I feel like the last Austrian defender wanted him to score aswell,Emotional Reaction,
You mean the Portuguese team is standing by Martinez because it's criminal how he's wasting this generation.,Evidence-Based Take,
"Still not unlikely that they could make it, but they really have to crush Iraq.",Evidence-Based Take,
"I did, he was absolutely amazing but he wasn't Messi getting 91 goals in a calendar year, or something like 115 goal contributions in 70 games The people who really think R9 was better than Messi are going off of potential, which is silly",Bold Opinion / Hot Take,Default classification
"I can see this dynamic being a thing. Its easier to disconnect when there is constant disappointment. But in my experience, Argentina even when they lost those finals, they were still well traveled, sang their songs, made every neutral venue a home venue. I been to a few Argentina games here in North America. Its insane how well supported they are and not even for just because of Messi, just genuine Argentines going passionately insane in the stands and stadium parking lots. In my opinion, for the good and the bad, they are the most passionate NT in our continent, but in the world.",Evidence-Based Take,
"true that, as a manu supporter it really hurts to see him on the other side",Bold Opinion / Hot Take,Default classification
"I don't usually care about records, since most of them aren't relevant in the long term. But this is an interesting one which likely will stand for a long time.",Evidence-Based Take,
Breaking the record with a penalty would be unMessi-like,Bold Opinion / Hot Take,Casual football observation without structured reasoning
"I was about to ask who the fourth would be, but you've got it.",Bold Opinion / Hot Take,Default classification
"The month might be blessed, but the weather is freaking cursed! I want my 20 degrees C back!",Emotional Reaction,
maybe also get a bungee to tie her to them too lol. I would be terrified watching her lean over barriers like that. But I'm also a wimp when it comes to heights.,Bold Opinion / Hot Take,Default classification
"That was one of the worst games I've watched in this WC, by which I mean it was absolutely amazing and I loved it.",Emotional Reaction,
"Every time throughout the group stage, the Portuguese broke into a counter attack, they put the brakes down and ultimately couldn’t get past through the defence who had ample time to get back info position thanks to the back passing",Evidence-Based Take,
"Second, three points, two clean sheets and two goals at their first world cup That is some goated stuff right here",Bold Opinion / Hot Take,
"R9 was being humble, if he wanted to be truthful he'd say mbappe has maybe half the talent R9 had",Bold Opinion / Hot Take,Default classification
Wasn't that a clear foul in the build up by macAllister?? I am so confused,Emotional Reaction,Emotional reaction to refereeing decision
"Don’t even have to click. This and zlatans debut are so fucking timeless, I love this league lol",Emotional Reaction,
MLS football is so weird. A random team will sign a superstar and that will be their only notable player.,Bold Opinion / Hot Take,Default classification
What I noticed Columbia doing was have their wingers make early runs to push the defence back but keep the ball at the back. That created massive gaps between the forward oriented midfield and the defence now basically at Portugals own box Midfield struggled a lot to cope with that,Evidence-Based Take,
"Because he didn't focus his entire life on it? I'm not saying we would literally dominate the sport if it was our main sport in our country from day one but we would be one of the big teams. I think that's pretty fair to say. Just based on population, resources, and focus on pouring money into professional sports",Evidence-Based Take,
Jesse Marsch getting fucked over by SK and USA is pretty funny as someone who is glad he's in Canada. Dude literally had both jobs until someone dirty gave it away behind his back,Bold Opinion / Hot Take,Default classification
Barcelona news -------> Sees Daily Mail ------------> Leaves.,Bold Opinion / Hot Take,Default classification
He's retiring after the world cup. He'll still be available as a substitute throughout the Knockout stages but very rarely is a back up keeper needed(unless GK red card/injury) so it's assumed by most this is his final professional appearance ever. Ochoa was subbed in this game to honor his career in a fairly low stake situation. Mexico up 2-0 with little time to play and guaranteed #1 in their group already secured.,Bold Opinion / Hot Take,Casual football observation without structured reasoning
The anti-Ronaldo dudes trying to discredit him are so pathetic. You just love to see it,Evidence-Based Take,Relabeled from Bold Opinion / Hot Take: Factual explanation of retirement/substitution situation
Had to be very serious since he was subbed off with 4 mins left for Abdelmonem,Evidence-Based Take,
"I really don’t understand the hate Ronaldo gets? He is a target man he must get opportunities to score if you create for him he will most likely score for you. Even if you change Ronaldo right now with Haaland or any another top tier target man in their peaks they wouldn’t be able to do much more than Ronaldo because this Portugal team lacks creativity. Which is insane for a team who has arguably the best midfield in the world. For me this is an obvious tactical issue and lack of instruction from the coach. The players are clueless making back passes all the time, very ineffective counter attacks and lack of forward passes. There are players inside the box there are also forward runs but the ball is never being delivered instead they would go for the safe passes. And for some reason Ronaldo is the one getting the blame for this…",Evidence-Based Take,
Would be incredible if he breaks the assist and goals record in the same game,Emotional Reaction,
"That pass by Felix, if he take his own chances instead to giving to ronaldo would have been a goal.",Bold Opinion / Hot Take,Casual football observation without structured reasoning
He's been a mainstay since my first World cup. The next one is gonna be a lot different. Respect,Evidence-Based Take,
iirc that investigation was spurred when a plane crashed into a mountain killing almost everyone on board because of miscommunication between the pilots stemming from those reasons,Evidence-Based Take,
I don't know what's worse for the lady - the fact that she lost her phone or the fact that the whole world saw her losing it in a truly comical manner.,Bold Opinion / Hot Take,Default classification
"Martinez is the biggest problem Portugal has at the moment.He is going to waste Portugal's golden generation as he did with Belgium's too. Cristiano at this age cant carry thus team,he is there for the goals and with Bruno,Vitinja and Joao Neves in the midfield its really weird that the only opportunities he had was against Uzbekistan and 1 against Congo.",Evidence-Based Take,
"Not outright the best, but he was one of the best. He induced fear and was great against a few teams. Replace him with another winger, and that run probably ends against Argentina. Griezmann was more refined and experienced and more pivotal, maybe, but Mbappe was like an 18-year-old R9 with his directness and pace.",Bold Opinion / Hot Take,Casual football observation without structured reasoning
"Many of our own fans dont appreciate what he brings to the team. Its dissapointing to read, because as someone who doesnt miss a match .... every single one of our rough patches ironically coincides with his injuries.",Evidence-Based Take,
I was alive when São Caetano almost did the impossible,Bold Opinion / Hot Take,Default classification
"The latter part is true however. He sued for libel against tax dodging charges but not for rape allegation, ntm him paying the victim so the case would never go public. We will never know 100% what truly happened but actions afterward lean to one thing",Bold Opinion / Hot Take,Strong claim with thin supporting evidence
Guy scores against Uzbekistan and we’re back to winning WC takes. I love Ronaldo fans man,Emotional Reaction,
"Considering how this guy massacred Chelsea Football club during his tenure, I am quite surprised how things are turning out for him here",Bold Opinion / Hot Take,Default classification
It was a blessing in disguise for the team to not win in 06 because Domenechs head would've been even bigger than it was in 2010.,Evidence-Based Take,
I've seen Memories of Murder so I'm just imagining a dude drop kicking every player one after the other.,Bold Opinion / Hot Take,Default classification
"Legitimately crying with this.  My favorite Mexican player ever, and the best goal keeper Mexico has had in the World Cup (even if I love Jorge Camps as well). What a way to honor him. OLEEEE OLE OLE OLEEEEE!!! MEMOOOOO! MEMOOOOO",Emotional Reaction,
Unbelievable so many defenders and he still scores,Emotional Reaction,
"Absolutely, I got permanently banned from /r/Reddevils because a mod didn't like me defending Ronaldo and labelled it trolling. Pathetic sub",Evidence-Based Take,
"As a Canadian, I hate those little shits (Got attacked by one when I was a kid), but if I see anyone else fucking with them, it's on site.",Emotional Reaction,
"Ronaldo going to score 4 goals tonight to catch up to our boys in France, Norway and Argentina",Bold Opinion / Hot Take,Default classification
"That's because their mascot have 3 legs, look at their FA Logo",Evidence-Based Take,
5 yrs in jail because your pass success rate was less than 80%,Evidence-Based Take,
"Ya I watched again and he was chanting with them then all of a sudden went up to grab it, I’m guessing he heard someone saying that’s me or something",Bold Opinion / Hot Take,Default classification
Probably because you have no shot and all this hype is just reactionary to topping a very weak group. At least that's what I guess OP means.,Evidence-Based Take,
2 of Messi's goals were in a final. 9 of his goals were when his team was tied on goals. That is more impressive.,Bold Opinion / Hot Take,Casual football observation without structured reasoning
No she actually should have left the field with the other kids but she stayed there.,Bold Opinion / Hot Take,Default classification
"See I know people like to compare him and Messi but Ronaldo to me seems more sensitive, humane towards his colleague. I feel like people underestimate how good of a dude he is despite his superstardom.",Emotional Reaction,Mild emotional response
Mulsera literally threw the entire country away. I feel bad for him but his two biggest howlers became the difference as to why Uruguay is out.,Bold Opinion / Hot Take,Relabeled from Emotional Reaction: Evaluative claim about Ronaldo's character
I feel like if this gets enough attention she might get a free phone,Emotional Reaction,
"The Higuain hate is completely over the top. Who was the one who scored an incredible difficult goal in a tight 1-0 game against Belgium in the quarters in 2014, where Messi did fuck all?",Emotional Reaction,Mild emotional response
"Brilliant finish too, his longevity is incredible.",Bold Opinion / Hot Take,Relabeled from Emotional Reaction: Defends Higuain with a single example; emotionally charged
"Well, NK did well against Brazil, only losing 2-1. And while that might’ve been the worst Brazil team since 1990, they were still better than Portugal",Evidence-Based Take,
"Every single team can win the world cup. It's astronomically unlikely for most but possible. Plus tournaments football favours variability and unlikely events. USA is probably in the top half of teams in the tournament, it'd be less of an upset than Leicester winning the league",Evidence-Based Take,
Who would they meet in the round of 16 based on current projections?,Bold Opinion / Hot Take,Default classification
Feels like the the entire team was fairly off. Lots of wasted passes because they weren't on the same page.,Evidence-Based Take,
The funny thing about that clip was the violent tackle was done by Lee Lim Saeng on Young Pyo Lee and he was the one angry because Young Pyo Lee was still standing afterwards 😂,Evidence-Based Take,
"No, just admit ronaldo is washed. If ronalda was replaced by any avg striker who can run fast , Portugal would have dominated the WC.",Bold Opinion / Hot Take,Casual football observation without structured reasoning
Yep I love them. What an awesome team and fan base.,Emotional Reaction,
Because I love supporting Australia. I’m not delusional,Emotional Reaction,
"Both were definitely not sitting back, that's for sure.",Bold Opinion / Hot Take,Default classification
Big polish-American population in Chicago. As soon as I saw the rumors I had a feeling it was gonna happen.,Bold Opinion / Hot Take,Default classification
"Not defending him nor am I saying he’s innocent, but there was not enough evidence to prosecute.  A civil suit was paid out (implying guilt or simply trying to avoid the media) and then another one was thrown out. On the other hand, Messi and his father were found guilty of tax evasion and avoided any real consequences by, guess what?, paying it off. If you want to argue which is worse, do it on your own.  Neither are these amazing people. Both are amazing soccer players. I don’t care to argue in either debate, but the fact that Messi is anointed here as some sort of God given angel and the other is hated on incessantly is annoying.",Evidence-Based Take,
"Because ex pros tend to get better viewing figures even if theyre not great commentators or pundits. Its even the same for non ex footballers. A guy with a good radio voice but 0 knowledge will get more viewers than a boring nerd. People who like football will watch no matter what, the difference is attracting those casual viewers who watch 2/3 games a year",Evidence-Based Take,
I swear every Ronaldo goal post on this sub is just Ronaldo fans saying the “haters are mad” and then crying about some upvote ratio BS. Just enjoy the goals man lol,Emotional Reaction,Mild emotional response
I think it’s a combination of man management but also knowledge of your players and planning around them. You really have to know how your players are utilized and their strengths at club level and then allow that to flourish for the NT. I imagine it’s a lot of work to get a bunch of puzzle pieces together whereas a club manager gets to mold the team into their preferred shape.,Evidence-Based Take,
Rowing with my dad in the living room at 4 AM watching the boys beat such a great football nation is unreal Memories for life,Bold Opinion / Hot Take,Default classification
"Because they can now rule out South America, Europe and Africa from the 2034 host and go back to their money maker.",Evidence-Based Take,
This isn’t true IMO. I feel like Mbappe gets this comps because all the marketing and PR has made him one of the most well known players.,Emotional Reaction,
That's because before said comment there are at least hundreds doing what said comment is talking about tho.,Bold Opinion / Hot Take,Relabeled from Evidence-Based Take: Causal claim about Mbappe marketing/PR
Everyone here acting like penalties are some sort of non footballing thing.,Bold Opinion / Hot Take,Default classification
"Sucked all the Austrian players to the right, makes a quick pass to free up the left and the cutback was perfect as well",Bold Opinion / Hot Take,Casual football observation without structured reasoning
I pity Portugal. I feel someone in particular will now shoot every time he gets the ball.,Emotional Reaction,
"Nah, just head over to Smakosz in Jeff Park. Only took 10 seconds for the waitress to start swearing under her breath in polish because I was taking too long to order. Truly authentic. Best pierogis in the city, IMO.",Evidence-Based Take,
"In this case it's fine, since it's a mythical crow god that has three legs.",Evidence-Based Take,
"Especially since Brazil's tactics have been counter and inshallah, just as an example of non-African team, and Morocco has been super organised",Evidence-Based Take,
Sadly he could never recreate it a club level. But for the last 20~ years it was nice knowing we had someone reliable back there at a national level.,Bold Opinion / Hot Take,Default classification
This is the most american pfp i have ever seen. I hate it.,Emotional Reaction,
"Yeah, algeria-austria is the most predictable draw since the Nordic Fix",Evidence-Based Take,
"Mbappe was so happy when Dembele scored. He loves this team and the team loves him, that's what matters. As we say in French, ""le groupe vit bien""",Emotional Reaction,
It's because there's a salary cap to keep the league financially stable and prevent it from getting overly topheavy like most European leagues where the richest clubs dominate year in and year out.  They have an exception to the salary cap called the Designated Player rule where a team can sign up to 3 players whose salaries don't count towards the cap.,Evidence-Based Take,
"Even if you are the worst squad in the competition, why bother going if you think you have 0 chance",Bold Opinion / Hot Take,Default classification
"Ohh you are wrong, mate. People sell their cars to go see a world cup. I bet those aren't the smarter Argentinians, those save their money because there's always an economic crisis coming. Also, higher class is not thieve free",Evidence-Based Take,
Vitinhass I looked up his passing map on sofascore and I am unable to tell in which direction they were playing,Bold Opinion / Hot Take,Casual football observation without structured reasoning
"Gus Poyet is a name I haven't heard in a long time. On the other hand, I don't think I've ever heard him called Gustavo Poyet.",Evidence-Based Take,
"idk man as Latin American, they are easily the biggest, loudest, most passionate. They are also have the best chants. I used to think Brazilians were more football-crazed (which they are), but I met lots of brazilian, who don't really care much about football. I never not met an Argentine who didnt literally see football as a religion. They are chaotic af. They were this rowdy when they were not winning, they are even more so now that they are winning.",Bold Opinion / Hot Take,Strong claim with thin supporting evidence
This. I tell people watching R9 made me fall in love with football. It was just  magically to watch. I remember that 2002 world cup as a little boy and it was magic for me,Emotional Reaction,Mild emotional response
"As a Chelsea fan, I hate JT so much, and wish he would shut the fuck up.",Emotional Reaction,
"Unfortunately, I feel like that's the standard when it comes to African football. It feels like random people like us know more about their squads and playing style than those pundits do.",Emotional Reaction,Mild emotional response
I’ve seen him score this goal so many fucking times and I love it every single time,Emotional Reaction,
"Rodrygo : It's already been 6 months... Ronaldo : ""Do you feel better? (Have you started to adjust?) Rodrygo : ""Yes... It's a bit annoying and boring, but everything is fine."" Ronaldo : ""You need to be patient, everything will go well..."" Rodrygo : ""Alright, brother... thank you."" Ronaldo : ""Alright, brother (good luck)."" It probably means a lot to Rodrygo for this gesture from Ronaldo considering its his biggest idol and he was literally shaking the first time they met him in person.",Emotional Reaction,Mild emotional response
"The main factor is that we haven’t been in a WC since 1998. Ticket prices are regulated in Norway and it’s ""illegal"" to resell a ticket for higher than the initial price. So tickets are honestly reasonably priced here. The economic factor likely plays a big part too, but I wouldn’t be surprised if a bunch of fans took out loans to attend the event.",Evidence-Based Take,
Remember how your parents put you down and one day never picked you up again? I'll be honest I feel like I was too young to remember that,Emotional Reaction,
"Messi had 6 World Cup goals before “retiring”. Obviously since he has come back, he’s had 13 since then to go along with 2 Copas and a WC. Before Scaloni Messi and Argentina weren’t dominating anything.",Evidence-Based Take,
Vini actually tracks back. The stats shows that he does press and tracks back off the ball movement. He is not a lazy player.,Evidence-Based Take,
They're also speedrunning their way to an AI dystopia currently,Bold Opinion / Hot Take,Casual football observation without structured reasoning
I feel for Militao. Bro tore his ACL back to back in both knees,Emotional Reaction,
"At that was at the end of the match, when ronaldo didn't contribute anything.",Bold Opinion / Hot Take,Default classification
I mean yeah no shit they most certainly aren’t going to win it all but it’s so braindead to act like the other 47 countries there are just with the mindset “we aren’t doing anything at all we should just give up” is moronic. Breaking: team wants to do good at tournament. Incredible journalism.,Emotional Reaction,Mild emotional response
I find the deep dish insanely overrated. Chicago tavern style though is very legit.,Bold Opinion / Hot Take,Strong claim with thin supporting evidence
"Most of us are good people. It's frustrating that some people judge an entire country because of the actions of online incels and the usual weirdos in football matches. It's also weird that they try to analyze our problems with racism (which they exist, as in any country) with their own standard and prejudices instead of listening to what actual racialized argentines have to say.",Evidence-Based Take,
"I feel like that’s just been Son,Zlatan and Messi’s Miami crew no? Red Bulls and NYCFC don’t have big European names and James, Werner, Muller, Rooney, other big names all chose other US cities",Emotional Reaction,Mild emotional response
He'll be crying himself to sleep next to that World Cup trophy,Emotional Reaction,"Emotional taunt, primary purpose is expressing feeling"
"Back in my day that would be a Nokia brick and it would survive without a scratch, the poor person it hits though would definitely feel it",Bold Opinion / Hot Take,Default classification
Just started watching football with this World Cup and I hate that I’ve only just started watching him now,Emotional Reaction,
"Yes I love his style, hope he can find his form again",Emotional Reaction,
"Need to see 200 posts on this now. Only fair, as we got 200 posts when he didn’t score",Bold Opinion / Hot Take,Default classification
a team tactics is not dependent on the leagues their players are. thinking african national teams now have higher tactics thanks to european football leagues is the lazy narrative. a national team having players in a bunch of different club across multiple clubs could make them less tactically disciplined as a team compared to teams that have multiple players in the same club and are more used to playing together,Evidence-Based Take,
"But if you re-sign them, you are signing them for the next two year and not the last two years.  Usually the trainers on the team have a pretty good idea how the players athletic stats are progressing and they can see the decline in endurance and the slow down of top speed which the players mask during actual games with their experience and ability.  How many times have fans pushed for the 34-35 year old midfielder to be signed again and then when they are 36-37 they are completely washed.  None of these players are Messi where it would be OK for the other 9 outfield players to have to do all of the running and teams like Athletico will want to have all the players on the field able to press.",Evidence-Based Take,
"Ghana had two coaches at the Afcon there was massive infighting, it IS wild and unorthodox and I love it, I feel his comment are being blown out of proportion by people who don’t watch Africa football, it’s drama after drama but the passion is unreal. People were stealing towels from the Senegalese team on the sidelines so that keeper couldn’t dry his gloves, one team accused another of witchery, I mean, I can go on and on. Oh, the South Africans fielded a suspended player in their match against Lesotho in qualifying, match gut awareded to Lesotho,",Emotional Reaction,
"Portugal have better players, but argentina works better as a team",Bold Opinion / Hot Take,Default classification
"Austria went ""We'll stay compact, lock down the midfield, keep our structure and they won't be able to score, they can have the ball for as long as they like when they can't do anything with it"" (which did work until that Mahrez goal). While Algeria went ""If we keep the ball forever, Austria won't be able to score, and we stay in control, we play conservatively and avoid losing the ball in case they do counter attack and score"" (which did work well until it collapsed the moment they decided to go against that, when they scored they let Austria have the ball and get that late equalizer) It just looked like both teams strategies complemented each other so perfectly that we witnessed what we did.",Evidence-Based Take,
"Unbelievable Geoff. Pace, power, take the keeper on like he is a cone, i swear every shot went bottom Corner. Amazing",Emotional Reaction,
"Less crazy when you remember Maradona played him as a Defensive Midfielder for the bants, after Messi scoring 47 goals in 53 games (with 12 assists) that season",Evidence-Based Take,
Forget about the money cuz Barca + RM can pay that. I feel bad for Bayern fans losing Kane + Olise in one window. At that point Musiala will prolly go back to England. I guess the positive thing is BL will be more competitive and BvB might finally win,Emotional Reaction,Mild emotional response
Exactly this lol. Not just the coaches but any goal that is remotely close will have the entire backline screaming with their hands up and pointing to the sideline ref.,Emotional Reaction,Mild emotional response
"yup, a big reason why the NFL is expanding into other countries like mexico, germany, england, and australia is because there is genuinely no room for them domestically, despite many states not having a team. College football in some parts of the country are functionally the equivalent of another country's men's national team lol. it's genuinely insane",Evidence-Based Take,
"The controversy over his hiring is just infuriating. Poyet and Marsch were seriously invested in the application process, submitting tactical analysis and the usual. Poyet went even as far as to analyse Korean youth up and comers and provide analysis for them, indicating how he had a long-term outlook for coaching Korea. However, the KFA under the leadership of the despicable Chung bypassed the process and went directly to Hong, then coaching a domestic team. Hong put on a good show about refuting ""rumours"" but in reality, they had a backroom deal. Fortunately, the KFA head is resigning and in disgrace.",Evidence-Based Take,
"I'm half Hispanic, and if I try to grow a beard, I look like a 14 year old, even though I'm 33, so I feel you on that 😂",Emotional Reaction,
"How do you think Cabo verde was able to hold a tie against Spain or Uruguay? (In a knockout match that could mean you win by penalties). Or how do you think Arabia won against Argentina last world cup? It is a mentality thing, ofc they believe they can win, that's why they were able to do it. The big difference between the big nations and small nations is mentality. Mentality is the king for WC. History? Team cost? All that is second to mentality. I bet you that teams like Ghana or Cabo verde actually believe they can win the whole thing, that's the reason they have been performing good this WC.",Evidence-Based Take,
Ivory Coast’s elephant is on a mad one. And Ghana’s character is a choice.,Bold Opinion / Hot Take,Default classification
Messi got treated unfairly with the NT prior to 2021 because he was held to Maradona standards which were insane heights. He was still pretty successful with them in terms of how far can they go in tournaments.,Evidence-Based Take,
"When Morocco drew with Brazil, someone posted on this subreddit that at some point there were 11 Moroccan players on the pitch who were born in Europe, and everyone was going crazy, saying these players should be grateful they were trained in Europe, that they should be banned from playing for their country of origin, and that African football is nothing without Europe",Bold Opinion / Hot Take,Default classification
"The average annual sallary of a professional women's soccer player in the world is $10k, and that is an average (not a median) so it includes the distortions caused by the very few countries that actually fund women's soccer. It's very far from being globally professionalized.",Bold Opinion / Hot Take,Default classification
"Can definitely see the resemblance, except for the close control of the ball and dribbling.",Evidence-Based Take,Relabeled from Bold Opinion / Hot Take: Cites salary statistic and explains its implication
Tbf I thought he was embellishing too. It looked rather innocuous even in the replay,Bold Opinion / Hot Take,Default classification
Best thing about this chant is that it's hard to film while participating,Bold Opinion / Hot Take,Default classification
"I mean, I always believe in miracles. I remember when Greece won the euros so, it's not impossible. Unlikely sure, but it only takes one mistake to beat a top team sometimes.",Evidence-Based Take,
"Same. Very few politicians anywhere would ever have the courage to do something like that. Lee's certainly not perfect himself but I really do feel like the country's been healing under him, even if his opponents label him a communist spy. The KFA is another rotting institution of the old whose days of glory are long gone. I really do hope Lee can kick down the doors and reform it. I remember he built Seongnam FC an incredible training center while he was Seongnam mayor, so I know he cares about football.",Emotional Reaction,Mild emotional response
"so respectful that he magically turned Czechia into the Republic of South Africa, according to OP",Emotional Reaction,
"I've been a devout fan and supporter of Klose all my life (coming from an Upper Silesian family, he has been an inspiration, almost a hero, for us) and although I am of course sad right now, I am glad for the past 12 years and how they kept him in international conversation. Records are broken, but the legend remains.",Evidence-Based Take,
When Argentina gets near the goal they all just look for him haha it’s incredible,Emotional Reaction,Relabeled from Emotional Reaction: Primarily emotional reflection on Klose as a fan
"Klose broke the record the match before winning the World Cup against Argentina. Now Messi's got the record and won the World Cup (which iirc at least some of the German players from 2014 were rooting for in 2022), somewhat of a full circle moment",Bold Opinion / Hot Take,Casual football observation without structured reasoning
So happy he isnt going to Saudi As a Barcelona fan who tunes into MLS im stoked I can enjoy him for a few more years still.,Emotional Reaction,
pls god let cape verde win happen because it will be so fucking funny,Emotional Reaction,"Emotional wish, not analytical"
The one shoulder check at 8 seconds in is incredible. To take in all the info in a little swivel and then execute a perfect dummy... Wow,Emotional Reaction,
